,v,l,c
0,1,101,a
1,2,102,b
2,3,103,c
3,4,104,d
4,5,105,e
5,6,106,f
6,7,107,g
7,8,108,h
8,9,109,i
9,10,110,j
10,11,111,k
11,12,112,l
12,13,113,m
13,14,114,n
14,15,115,o
15,16,116,p
16,17,117,q
17,18,118,r
18,19,119,s
19,20,120,t
20,21,121,u
21,22,122,v
22,23,123,w
23,24,124,x
24,25,125,y
25,26,126,z
26,27,127,a
27,28,128,b
28,29,129,c
29,30,130,d
30,31,131,e
31,32,132,f
32,33,133,g
33,34,134,h
34,35,135,i
35,36,136,j
36,37,137,k
37,38,138,l
38,39,139,m
39,40,140,n
40,41,141,o
41,42,142,p
42,43,143,q
43,44,144,r
44,45,145,s
45,46,146,t
46,47,147,u
47,48,148,v
48,49,149,w
49,50,150,x
50,51,151,y
51,52,152,z
52,53,153,a
53,54,154,b
54,55,155,c
55,56,156,d
56,57,157,e
57,58,158,f
58,59,159,g
59,60,160,h
60,61,161,i
61,62,162,j
62,63,163,k
63,64,164,l
64,65,165,m
65,66,166,n
66,67,167,o
67,68,168,p
68,69,169,q
69,70,170,r
70,71,171,s
71,72,172,t
72,73,173,u
73,74,174,v
74,75,175,w
75,76,176,x
76,77,177,y
77,78,178,z
78,79,179,a
79,80,180,b
80,81,181,c
81,82,182,d
82,83,183,e
83,84,184,f
84,85,185,g
85,86,186,h
86,87,187,i
87,88,188,j
88,89,189,k
89,90,190,l
90,91,191,m
91,92,192,n
92,93,193,o
93,94,194,p
94,95,195,q
95,96,196,r
96,97,197,s
97,98,198,t
98,99,199,u
99,100,200,v
